{
  "project_info": {
    "project_number": "279476821334",
    "project_id": "lifelikebd",
    "storage_bucket": "lifelikebd.appspot.com"
  },
  "client": [
    {
      "client_info": {
        "mobilesdk_app_id": "1:279476821334:android:8ca4ab792c2c4fe314caf7",
        "android_client_info": {
          "package_name": "com.example.lifelike"
        }
      },
      "oauth_client": [],
      "api_key": [
        {
          "current_key": "AIzaSyA_qOCH-zKtFrB4EDJ3ciA8LPuwCtAHemM"
        }
      ],
      "services": {
        "appinvite_service": {
          "other_platform_oauth_client": []
        }
      }
    }
  ],
  "configuration_version": "1"
}